year,month,rain_mm
2019,10,13.299999999999999
2019,11,16.1
2019,12,198.39999999999972
2020,1,257.59999999999906
2020,2,91.30000000000011
2020,3,72.10000000000002
2020,4,31.500000000000018
2020,5,15.799999999999994
2020,6,0.0
